{"cameraMode":{"drawMode":0,"name":"Shaded","section":"Shading Mode"},"sceneLighting":true,"audioPlay":false,"sceneViewState":{"m_AlwaysRefresh":false,"showFog":true,"showSkybox":true,"showFlares":true,"showImageEffects":true,"showParticleSystems":true,"showVisualEffectGraphs":true,"m_FxEnabled":true},"in2DMode":false,"pivot":{"x":-5.508222579956055,"y":-0.5447132587432861,"z":25.056894302368165},"rotation":{"x":-0.18804258108139039,"y":-0.03770687058568001,"z":0.007225213572382927,"w":-0.9814112782478333},"size":3.0866525173187258,"orthographic":false}